ID,Name,Username,Password,Phone,DateOfBirth
11,client,client,client,111-222-333,2/2/2222
12,Brian Adams,brian.a,Adams123!,555-223-3445,15/4/1989
13,Carol White,carol.w,White456#,555-334-4556,22/7/1992
14,Daniel Harris,daniel.h,Harris789,555-445-5667,30/11/1987
15,Eve Martin,eve.m,MartinPass,555-556-6778,5/3/1998
16,Frank Wilson,frank.w,Wilson123,555-667-7889,18/9/1990
17,Grace Taylor,grace.t,Taylor456,555-778-8990,25/12/1985
18,Henry Moore,henry.m,Moore789!,555-889-9001,12/6/1993
19,Ivy Scott,ivy.s,ScottPass1,555-990-0112,8/8/1996
20,Jack King,jack.k,King123#,555-001-1223,14/2/1988
21,Karen Young,karen.y,Young456,555-112-2334,20/5/1991
22,Louis Hall,louis.h,Hall789!,555-223-3445,15/10/1994
23,Megan Allen,megan.a,AllenPass,555-334-4556,3/7/1986
24,Nathan Baker,nathan.b,Baker123,555-445-5667,28/4/1997
25,Olivia Carter,olivia.c,Carter456#,555-556-6778,31/1/1999
26,Lucky,Lucky,Lucky,dog,Lucky
27,\n,\n,\n,\n,\n
28,test,test,test,test,32134
32,test,test3,test,test,test
33,Ahmed,Ahmed123,Password,123456789,DD/MM/YYYY
34,Sasa,XavierClaw,asd,123312,1/1/2005
35,soso,slom,soso,1224455798965,2/1/2003
