ID,Name,Username,Password,Phone,DateOfBirth,StartTime,EndTime,Salary,LicenseNumber
6,doctor,doctor,doctor,111-111-111,1/1/1111,9:00,17:00,120000,12345678
7,Dr. Lisa Wong,lisa.w,WongDoc456,555-789-0123,25/8/1975,8:00,16:00,135000,23456789
8,Dr. James Miller,james.m,MillerMD1,555-890-1234,8/12/1983,10:00,18:00,110000,34567890
9,Dr. Patricia Lee,patricia.l,LeeDoc789,555-901-2345,17/6/1978,7:30,15:30,125000,45678901
10,Dr. Thomas Clark,thomas.c,ClarkMD12,555-012-3456,28/2/1986,8:30,16:30,115000,56789012
29,test,test1,test,test,test,test,test,2000,3092434