ID,Name,Composition,Price,Stock,Manufacturer,ManufactureDate,ExpirationDate,Prescribed,Uses,Side_effects,ImageURL
1,Avastin 400mg Injection,Bevacizumab (400mg),20,1121,Roche Products India Pvt Ltd,1/3/2025,1/3/2026,12|23, Cancer of colon and rectum Non-small cell lung cancer Kidney cancer Brain tumor Ovarian cancer Cervical cancer,Rectal bleeding Taste change Headache Nosebleeds Back pain Dry skin High blood pressure Protein in urine Inflammation of the nose,"https://onemg.gumlet.io/l_watermark_346,w_100,h_100/a_ignore,w_100,h_100,c_fit,q_auto,f_auto/f5a26c491e4d48199ab116a69a969be3.jpg"
2,Augmentin 625 Duo Tablet,Amoxycillin  (500mg) +  Clavulanic Acid (125mg),231,3989,Glaxo SmithKline Pharmaceuticals Ltd,12/5/2023,4/10/2025,NULL,Treatment of Bacterial infections,Vomiting Nausea Diarrhea Mucocutaneous candidiasis,"https://onemg.gumlet.io/l_watermark_346,w_100,h_100/a_ignore,w_100,h_100,c_fit,q_auto,f_auto/wy2y9bdipmh6rgkrj0zm.jpg"
3,Azithral 500 Tablet,Azithromycin (500mg),238,2475,Alembic Pharmaceuticals Ltd,8/3/2024,11/6/2027,NULL,Treatment of Bacterial infections,Nausea Abdominal pain Diarrhea,"https://onemg.gumlet.io/l_watermark_346,w_100,h_100/a_ignore,w_100,h_100,c_fit,q_auto,f_auto/cropped/kqkouvaqejbyk47dvjfu.jpg"
4,Ascoril LS Syrup,Ambroxol (30mg/5ml) + Levosalbutamol (1mg/5ml) + Guaifenesin (50mg/5ml),379,2600,Glenmark Pharmaceuticals Ltd,29/8/2024,29/9/2025,24,Treatment of Cough with mucus,Nausea Vomiting Diarrhea Upset stomach Stomach pain Allergic reaction Dizziness Headache Rash Hives Tremors Palpitations Muscle cramp Increased heart rate,"https://onemg.gumlet.io/l_watermark_346,w_100,h_100/a_ignore,w_100,h_100,c_fit,q_auto,f_auto/3205599cc49d4073ae66cbb0dbfded86.jpg"
5,Aciloc 150 Tablet,Ranitidine (150mg),161,2764,Cadila Pharmaceuticals Ltd,15/9/2023,10/10/2027,13|11|23,Treatment of Gastroesophageal reflux disease (Acid reflux)Treatment of Peptic ulcer disease,Headache Diarrhea Gastrointestinal disturbance,"https://onemg.gumlet.io/l_watermark_346,w_100,h_100/a_ignore,w_100,h_100,c_fit,q_auto,f_auto/cropped/pn7apngctvrtweencwi1.jpg"
6,Allegra 120mg Tablet,Fexofenadine (120mg),66,4884,Sanofi India Ltd,10/7/2023,17/5/2027,NULL,Treatment of Sneezing and runny nose due to allergiesTreatment of Allergic conditions,Headache Drowsiness Dizziness Nausea,"https://onemg.gumlet.io/l_watermark_346,w_100,h_100/a_ignore,w_100,h_100,c_fit,q_auto,f_auto/fa7427131ec64163b5bbafb529df0736.jpg"
7,Avil 25 Tablet,Pheniramine (25mg),110,120,Sanofi India Ltd,28/9/2023,18/3/2028,NULL,Treatment of Allergic conditionsTreatment of Respiratory disease with excessive mucusTreatment of Skin conditions with inflammation & itchingTreatment and prevention of Meniere's disease,Sedation,"https://onemg.gumlet.io/l_watermark_346,w_100,h_100/a_ignore,w_100,h_100,c_fit,q_auto,f_auto/cropped/mmsye6bf97tkcocat24j.jpg"
8,Aricep 5 Tablet,Donepezil (5mg),137,1543,Eisai Pharmaceuticals India Pvt Ltd,12/9/2024,14/2/2026,11|16|14|17, Alzheimer's disease,Common cold Urinary incontinence Rash Nausea Diarrhea Insomnia difficulty in sleeping Weight loss Accidental injury,"https://onemg.gumlet.io/l_watermark_346,w_100,h_100/a_ignore,w_100,h_100,c_fit,q_auto,f_auto/d7ojjdaw2gsm5sie1glu.jpg"
9,Amoxyclav 625 Tablet,Amoxycillin  (500mg) +  Clavulanic Acid (125mg),404,3946,Abbott,9/4/2024,1/11/2027,NULL,Treatment of Bacterial infections,Vomiting Nausea Diarrhea Mucocutaneous candidiasis,"https://onemg.gumlet.io/l_watermark_346,w_100,h_100/a_ignore,w_100,h_100,c_fit,q_auto,f_auto/acaa6608e016456f9cafcca2156ad3de.jpg"
10,Atarax 25mg Tablet,Hydroxyzine (25mg),165,4299,Dr Reddy's Laboratories Ltd,8/8/2024,14/7/2025,NULL,Treatment of AnxietyTreatment of Skin conditions with inflammation & itching,Sedation Nausea Vomiting Upset stomach Constipation,"https://onemg.gumlet.io/l_watermark_346,w_100,h_100/a_ignore,w_100,h_100,c_fit,q_auto,f_auto/cropped/v9py58kciridvbi7bqls.jpg"
11,Azee 500 Tablet,Azithromycin (500mg),333,2698,Cipla Ltd,17/8/2023,26/6/2026,23,Treatment of Bacterial infections,Nausea Abdominal pain Diarrhea,"https://onemg.gumlet.io/l_watermark_346,w_100,h_100/a_ignore,w_100,h_100,c_fit,q_auto,f_auto/cropped/jbpnjvst3ph0xnrq199o.jpg"
12,Anovate Cream,Phenylephrine (0.10% w/w) + Beclometasone (0.025% w/w) + Lidocaine (2.50% w/w),468,624,USV Ltd,22/5/2023,20/6/2025,16|11|17|13,Treatment of Piles,Application site reactions burning irritation itching and redness,"https://onemg.gumlet.io/l_watermark_346,w_100,h_100/a_ignore,w_100,h_100,c_fit,q_auto,f_auto/cropped/gnsem6ircqxmwmjkprkw.jpg"
13,Allegra-M Tablet,Montelukast (10mg) + Fexofenadine (120mg),442,1536,Sanofi India Ltd,15/11/2024,15/6/2026,20|17,Treatment of Sneezing and runny nose due to allergies,Nausea Diarrhea Vomiting Skin rash Flu like symptoms Headache Drowsiness Dizziness,"https://onemg.gumlet.io/l_watermark_346,w_100,h_100/a_ignore,w_100,h_100,c_fit,q_auto,f_auto/cropped/eh4vt8l9fuo4nvx3qwif.jpg"
14,Ascoril D Plus Syrup Sugar Free,Phenylephrine (5mg) + Chlorpheniramine Maleate (2mg) + Dextromethorphan Hydrobromide (10mg),64,1590,Glenmark Pharmaceuticals Ltd,9/11/2023,12/4/2027,NULL,Treatment of Dry cough,Nausea Vomiting Loss of appetite Headache,"https://onemg.gumlet.io/l_watermark_346,w_100,h_100/a_ignore,w_100,h_100,c_fit,q_auto,f_auto/9fe5ed4f4fce4eaea6588d2ce60115ec.jpg"
15,Alex Syrup,Phenylephrine (5mg/5ml) + Chlorpheniramine Maleate (2mg/5ml) + Dextromethorphan Hydrobromide (10mg/5ml),154,1374,Glenmark Pharmaceuticals Ltd,9/5/2024,17/11/2025,NULL,Treatment of Dry cough,Nausea Vomiting Loss of appetite Headache,"https://onemg.gumlet.io/l_watermark_346,w_100,h_100/a_ignore,w_100,h_100,c_fit,q_auto,f_auto/mqdfwomjrjv3lvlq08ae.jpg"
16,Armotraz Tablet,Anastrozole (1mg),103,169,Cipla Ltd,2/8/2023,19/11/2025,12|15|21, Breast cancer,Hot flashes Nausea Osteoporosis Skin rash Weakness,"https://onemg.gumlet.io/l_watermark_346,w_100,h_100/a_ignore,w_100,h_100,c_fit,q_auto,f_auto/cropped/sytnbc3dtkhxddk5smxs.jpg"
17,Augmentin Duo Oral Suspension,Amoxycillin  (200mg) +  Clavulanic Acid (28.5mg),122,4749,Glaxo SmithKline Pharmaceuticals Ltd,10/1/2024,14/1/2026,NULL,Treatment of Resistance Tuberculosis (TB)Treatment of Bacterial infections,Abdominal pain Allergy Vomiting Nausea Diarrhea Mucocutaneous candidiasis,"https://onemg.gumlet.io/l_watermark_346,w_100,h_100/a_ignore,w_100,h_100,c_fit,q_auto,f_auto/cropped/hg4gkjmjrg9956tqtmoz.jpg"
18,Albendazole 400mg Tablet,Albendazole (400mg),203,4384,Cadila Pharmaceuticals Ltd,12/6/2023,30/4/2026,NULL,Treatment of Parasitic infections,Vomiting Dizziness Increased liver enzymes Nausea Loss of appetite,"https://onemg.gumlet.io/l_watermark_346,w_100,h_100/a_ignore,w_100,h_100,c_fit,q_auto,f_auto/c3f704ec89504863915d4433a19d0014.jpg"
19,Arkamin Tablet,Clonidine (100mcg),376,2724,Torrent Pharmaceuticals Ltd,8/10/2023,23/2/2028,NULL,Treatment of Hypertension (high blood pressure),Dryness in mouth Fatigue Dizziness Headache Nausea Sleepiness Insomnia difficulty in sleeping,"https://onemg.gumlet.io/l_watermark_346,w_100,h_100/a_ignore,w_100,h_100,c_fit,q_auto,f_auto/cropped/kvdgswy8eyzkwmulwlyf.jpg"
20,Allegra 180mg Tablet,Fexofenadine (180mg),450,1877,Sanofi India Ltd,24/1/2025,17/7/2026,NULL,Treatment of Sneezing and runny nose due to allergiesTreatment of Allergic conditions,Headache Drowsiness Dizziness Nausea,"https://onemg.gumlet.io/l_watermark_346,w_100,h_100/a_ignore,w_100,h_100,c_fit,q_auto,f_auto/6103f02e6df148fda2a8fd6e87008179.jpg"
21,Altraday Capsule SR,Aceclofenac (200mg) + Rabeprazole (20mg),94,713,Sun Pharmaceutical Industries Ltd,18/4/2023,15/10/2025,NULL, Pain relief,Nausea Flatulence Indigestion Diarrhea Constipation,"https://onemg.gumlet.io/l_watermark_346,w_100,h_100/a_ignore,w_100,h_100,c_fit,q_auto,f_auto/cropped/ahmbxmi2bd1wiojpxqld.jpg"
22,Atarax 10mg Tablet,Hydroxyzine (10mg),383,2319,Dr Reddy's Laboratories Ltd,25/11/2024,30/8/2027,20,Treatment of AnxietyTreatment of Skin conditions with inflammation & itching,Sedation Nausea Vomiting Upset stomach Constipation,"https://onemg.gumlet.io/l_watermark_346,w_100,h_100/a_ignore,w_100,h_100,c_fit,q_auto,f_auto/78d80a6bca96417f83c6d38c5c140c0b.jpg"
23,Aldigesic-SP Tablet,Aceclofenac (100mg) + Paracetamol (325mg) + Serratiopeptidase (10mg),438,1629,Alkem Laboratories Ltd,18/7/2024,4/3/2027,NULL, Pain relief,Nausea Vomiting Stomach pain Indigestion Heartburn Loss of appetite Diarrhea,"https://onemg.gumlet.io/l_watermark_346,w_100,h_100/a_ignore,w_100,h_100,c_fit,q_auto,f_auto/86cc6259fcc8462f876cdeb85d9aa87d.jpg"
24,Aldactone Tablet,Spironolactone (25mg),478,869,RPG Life Sciences Ltd,12/4/2023,27/4/2027,18, Hypertension (high blood pressure) Edema Low potassium Heart failure,Nausea Vomiting Leg cramps Dizziness Drowsiness Confusion Breast enlargement in male Increased creatinine level in blood,"https://onemg.gumlet.io/l_watermark_346,w_100,h_100/a_ignore,w_100,h_100,c_fit,q_auto,f_auto/cropped/thkgrdicoq6adxgpwu2e.jpg"
25,Aricep 10 Tablet,Donepezil (10mg),105,4470,Eisai Pharmaceuticals India Pvt Ltd,24/1/2024,25/2/2027,16|19|24, Alzheimer's disease,Common cold Urinary incontinence Rash Nausea Diarrhea Insomnia difficulty in sleeping Weight loss Accidental injury,"https://onemg.gumlet.io/l_watermark_346,w_100,h_100/a_ignore,w_100,h_100,c_fit,q_auto,f_auto/fgnxl4znhmpzu2r0mals.jpg"
26,Aricep-M  Tablet,Donepezil (5mg) + Memantine (5mg),433,4465,Eisai Pharmaceuticals India Pvt Ltd,28/4/2023,20/2/2028,NULL, Alzheimer's disease,Nausea Vomiting Loss of appetite Diarrhea Headache Dizziness Bleeding under the skin,"https://onemg.gumlet.io/l_watermark_346,w_100,h_100/a_ignore,w_100,h_100,c_fit,q_auto,f_auto/a458dc3089a64183962fe107b20f3481.jpg"
27,Andre I-Kul Eye Drop,Camphor (0.01% w/v) + Menthol (0.005% w/v) + Naphazoline (0.05% w/v) + Phenylephrine (0.12% w/v),459,135,Intas Pharmaceuticals Ltd,7/7/2023,27/10/2027,18,Treatment of Allergic eye disease,Eye pain Eye irritation Stinging in the eyes Blurred vision Photophobia,"https://onemg.gumlet.io/l_watermark_346,w_100,h_100/a_ignore,w_100,h_100,c_fit,q_auto,f_auto/0d82813d035349cea0c99da3fd52469d.jpg"
28,Anafortan 25 mg/300 mg Tablet,Camylofin (25mg) + Paracetamol (300mg),195,4273,Abbott,19/8/2023,8/8/2025,16|15|16,Treatment of Abdominal pain,Dryness in mouth Constipation Blurred vision Increased heart rate,"https://onemg.gumlet.io/l_watermark_346,w_100,h_100/a_ignore,w_100,h_100,c_fit,q_auto,f_auto/4424607f37424d51b2aac2c9d8b18ecd.jpg"
29,Atarax Syrup,Hydroxyzine (10mg),448,385,Dr Reddy's Laboratories Ltd,4/10/2024,22/11/2025,NULL,Treatment of AnxietyTreatment of Skin conditions with inflammation & itching,Sedation Nausea Vomiting Upset stomach Constipation,"https://onemg.gumlet.io/l_watermark_346,w_100,h_100/a_ignore,w_100,h_100,c_fit,q_auto,f_auto/cropped/ktaklgpxpq94qk1tfffg.jpg"
30,Ambrodil-S Syrup,Ambroxol (15mg/5ml) + Salbutamol (1mg/5ml),167,1453,Aristo Pharmaceuticals Pvt Ltd,29/8/2023,9/2/2026,15|17|24|15,Treatment of Cough,Headache Palpitations Upset stomach Tremors Muscle cramp Allergic reaction Increased heart rate,"https://onemg.gumlet.io/l_watermark_346,w_100,h_100/a_ignore,w_100,h_100,c_fit,q_auto,f_auto/c25660f6b3f2447ea4666a0780982a3f.jpg"
31,Asthakind-DX Syrup Sugar Free,Phenylephrine (5mg/5ml) + Chlorpheniramine Maleate (2mg/5ml) + Dextromethorphan Hydrobromide (15mg/5ml),102,3395,Mankind Pharma Ltd,27/12/2024,10/12/2025,20,Treatment of Dry cough,Nausea Vomiting Loss of appetite Headache,"https://onemg.gumlet.io/l_watermark_346,w_100,h_100/a_ignore,w_100,h_100,c_fit,q_auto,f_auto/769827d9bf334847a74374b4af97921a.jpg"
32,Aceclo Plus Tablet,Aceclofenac (100mg) + Paracetamol (325mg),141,1120,Aristo Pharmaceuticals Pvt Ltd,19/5/2024,6/4/2026,20|14|20|24, Pain relief,Nausea Vomiting Stomach pain epigastric pain Loss of appetite Heartburn Diarrhea,"https://onemg.gumlet.io/l_watermark_346,w_100,h_100/a_ignore,w_100,h_100,c_fit,q_auto,f_auto/cropped/qdjkuq9eipidsadmcosn.jpg"
33,Althrocin 500 Tablet,Erythromycin (500mg),379,1736,Alembic Pharmaceuticals Ltd,4/7/2024,24/4/2026,25|20,Treatment of Bacterial infections,Vomiting Nausea Abdominal pain Diarrhea,"https://onemg.gumlet.io/l_watermark_346,w_100,h_100/a_ignore,w_100,h_100,c_fit,q_auto,f_auto/cropped/suqhdntiejebthfbdpy0.jpg"
34,Asthalin Syrup,Salbutamol (2mg/5ml),400,3404,Cipla Ltd,3/3/2025,27/10/2025,NULL,Treatment of Chronic obstructive pulmonary disease (COPD)Treatment and prevention of Asthma,Tremors Headache Palpitations Increased heart rate Muscle cramp Nervousness,"https://onemg.gumlet.io/l_watermark_346,w_100,h_100/a_ignore,w_100,h_100,c_fit,q_auto,f_auto/45fbf90154794c7dae0630d5c201f368.jpg"
35,Axcer  90mg Tablet,Ticagrelor (90mg),47,462,Sun Pharmaceutical Industries Ltd,1/1/2025,5/9/2027,20|13|12|17, Prevention of heart attack and stroke,Bleeding Breathlessness,"https://onemg.gumlet.io/l_watermark_346,w_100,h_100/a_ignore,w_100,h_100,c_fit,q_auto,f_auto/6c8ab4b43c254532b37e035eaf3f931c.jpg"
36,Arachitol 6L Injection,Vitamin D3 (600000IU),198,1059,Abbott,21/5/2023,26/5/2025,15|12|18|17,Treatment of Vitamin D deficiencyTreatment of Osteoporosis,Injection site reactions pain swelling redness Weakness Muscle pain Metallic taste,"https://onemg.gumlet.io/l_watermark_346,w_100,h_100/a_ignore,w_100,h_100,c_fit,q_auto,f_auto/485c7b62664a44fd984080ee0ee15906.jpg"
37,Alfoo 10mg Tablet PR,Alfuzosin (10mg),82,2977,Dr Reddy's Laboratories Ltd,25/9/2023,14/7/2025,15|19|12,Treatment of Benign prostatic hyperplasia,Upper respiratory tract infection Dizziness Headache Nausea Abdominal pain Impotence,"https://onemg.gumlet.io/l_watermark_346,w_100,h_100/a_ignore,w_100,h_100,c_fit,q_auto,f_auto/cropped/a34pbmqti99hu1y1zz5r.jpg"
38,Azithral 200 Liquid,Azithromycin (200mg/5ml),213,1959,Alembic Pharmaceuticals Ltd,15/10/2023,27/12/2026,15|25|13,Treatment of Bacterial infections,Nausea Abdominal pain Diarrhea,"https://onemg.gumlet.io/l_watermark_346,w_100,h_100/a_ignore,w_100,h_100,c_fit,q_auto,f_auto/cropped/mbdxk2kboh3llijyaao2.jpg"
39,Acemiz Plus Tablet,Aceclofenac (100mg) + Paracetamol (325mg),473,3864,Lupin Ltd,10/8/2024,21/12/2026,25|15|16|17, Pain relief,Nausea Vomiting Stomach pain epigastric pain Loss of appetite Heartburn Diarrhea,"https://onemg.gumlet.io/l_watermark_346,w_100,h_100/a_ignore,w_100,h_100,c_fit,q_auto,f_auto/cropped/suqhdntiejebthfbdpy0.jpg"
40,Allegra Suspension Raspberry &amp; Vanilla,Fexofenadine (30mg/5ml),482,3044,Sanofi India Ltd,6/4/2024,18/3/2026,12|16,Treatment of Sneezing and runny nose due to allergiesTreatment of Allergic conditions,Headache Drowsiness Dizziness Nausea,"https://onemg.gumlet.io/l_watermark_346,w_100,h_100/a_ignore,w_100,h_100,c_fit,q_auto,f_auto/45fbf90154794c7dae0630d5c201f368.jpg"
41,Alex Junior Syrup,Chlorpheniramine Maleate (2mg/5ml) + Dextromethorphan Hydrobromide (5mg/5ml),78,1022,Glenmark Pharmaceuticals Ltd,9/8/2024,17/8/2025,NULL,Treatment of Dry cough,Upset stomach Sleepiness,"https://onemg.gumlet.io/l_watermark_346,w_100,h_100/a_ignore,w_100,h_100,c_fit,q_auto,f_auto/6c8ab4b43c254532b37e035eaf3f931c.jpg"
42,Azicip 500 Tablet,Azithromycin (500mg),262,2443,Cipla Ltd,30/9/2024,19/3/2027,19|24|13|20,Treatment of Bacterial infections,Nausea Abdominal pain Diarrhea,"https://onemg.gumlet.io/l_watermark_346,w_100,h_100/a_ignore,w_100,h_100,c_fit,q_auto,f_auto/485c7b62664a44fd984080ee0ee15906.jpg"
43,Avil Injection,Pheniramine (22.75mg),393,2331,Sanofi India Ltd,14/8/2024,10/9/2025,NULL,Treatment of Allergic conditionsTreatment of Respiratory disease with excessive mucusTreatment of Skin conditions with inflammation & itchingTreatment and prevention of Meniere's disease,Sedation,"https://onemg.gumlet.io/l_watermark_346,w_100,h_100/a_ignore,w_100,h_100,c_fit,q_auto,f_auto/cropped/a34pbmqti99hu1y1zz5r.jpg"
44,Aquasol A Capsule,Vitamin A (25000IU),329,1471,USV Ltd,16/4/2024,30/3/2025,12|11|21,Treatment of Vitamin A deficiency,No common side effects seen,"https://onemg.gumlet.io/l_watermark_346,w_100,h_100/a_ignore,w_100,h_100,c_fit,q_auto,f_auto/cropped/mbdxk2kboh3llijyaao2.jpg"
45,Anobliss Cream,Lidocaine (1.5% w/w) + Nifedipine (0.3% w/w),65,2791,Samarth Life Sciences Pvt Ltd,14/2/2024,1/1/2026,NULL,Treatment of Anal fissure,Anal irritation,"https://onemg.gumlet.io/l_watermark_346,w_100,h_100/a_ignore,w_100,h_100,c_fit,q_auto,f_auto/m7bioz7rvmxcfshqu3iz.jpg"
46,Augmentin DDS Suspension,Amoxycillin  (400mg/5ml) +  Clavulanic Acid (57mg/5ml),134,109,Glaxo SmithKline Pharmaceuticals Ltd,27/1/2024,12/10/2026,NULL,Treatment of Resistant Tuberculosis (TB)Treatment of Bacterial infections,Abdominal pain Allergy Vomiting Nausea Diarrhea Mucocutaneous candidiasis,"https://onemg.gumlet.io/l_watermark_346,w_100,h_100/a_ignore,w_100,h_100,c_fit,q_auto,f_auto/9ddf89aa480145c6830f45e48626336d.jpg"
47,Almox 500 Capsule,Amoxycillin (500mg),16,984,Alkem Laboratories Ltd,3/7/2023,20/10/2026,17|13|12|20,Treatment of Bacterial infections,Nausea Diarrhea Skin rash Vomiting,"https://onemg.gumlet.io/l_watermark_346,w_100,h_100/a_ignore,w_100,h_100,c_fit,q_auto,f_auto/cropped/ljalzjzxyy64yutmr3tw.jpg"
48,AF Kit Tablet,Azithromycin (1000mg) + Ornidazole (750mg) + Fluconazole (150mg),422,670,Systopic Laboratories Pvt Ltd,18/9/2024,24/1/2028,11,Treatment of Syndromic treatment of vaginal discharge,Taste change Vomiting Headache Dizziness Stomach pain Nausea Indigestion Diarrhea Loss of appetite,"https://onemg.gumlet.io/l_watermark_346,w_100,h_100/a_ignore,w_100,h_100,c_fit,q_auto,f_auto/dwqhqfos0hlzsltrwraf.jpg"
49,Ascoril LS Junior Syrup,Ambroxol (15mg/5ml) + Levosalbutamol (0.5mg/5ml) + Guaifenesin (50mg/5ml),124,1144,Glenmark Pharmaceuticals Ltd,24/12/2023,22/8/2027,19,Treatment of Cough with mucus,Nausea Vomiting Diarrhea Upset stomach Stomach pain Allergic reaction Dizziness Headache Rash Hives Tremors Palpitations Muscle cramp Increased heart rate,"https://onemg.gumlet.io/l_watermark_346,w_100,h_100/a_ignore,w_100,h_100,c_fit,q_auto,f_auto/cropped/n2al1qoxuxtzshwgwbt0.jpg"
50,Asthalin 100mcg Inhaler,Salbutamol (100mcg),393,2240,Cipla Ltd,5/7/2024,22/1/2028,NULL,Treatment of Chronic obstructive pulmonary disease (COPD)Treatment and prevention of Asthma,Tremors Headache Palpitations Increased heart rate Muscle cramp Respiratory tract inflammation Respiratory tract infection Cough,"https://onemg.gumlet.io/l_watermark_346,w_100,h_100/a_ignore,w_100,h_100,c_fit,q_auto,f_auto/cropped/mytnmvyspijambekkody.jpg"
51,Aptimust Syrup,Cyproheptadine (2mg/5ml) + Tricholine Citrate (275mg/5ml) + Sorbitol (2gm/5ml),434,192,Mankind Pharma Ltd,17/11/2023,30/3/2026,NULL, Appetite stimulant,Constipation Dryness in mouth Drowsiness Sleepiness Blurred vision,"https://onemg.gumlet.io/l_watermark_346,w_100,h_100/a_ignore,w_100,h_100,c_fit,q_auto,f_auto/612a8de029ee416ab320d109d19d2293.jpg"
52,AB Phylline Capsule,Acebrophylline (100mg),238,4760,Sun Pharmaceutical Industries Ltd,10/11/2023,2/6/2025,NULL,Treatment of AsthmaTreatment of BronchitisTreatment of Chronic obstructive pulmonary disease (COPD),Vomiting Abdominal pain Drowsiness Heartburn Increased white blood cell count Loss of appetite Rash Itching Constipation Diarrhea Abdominal discomfort Abdominal distension Esophageal bleeding Red spots or bumps Breathing problems High white blood cell count Nasal inflammation,"https://onemg.gumlet.io/l_watermark_346,w_100,h_100/a_ignore,w_100,h_100,c_fit,q_auto,f_auto/cropped/kafbzrabyoihauyvnig4.jpg"
53,Azee 200mg Dry Syrup,Azithromycin (200mg/5ml),11,1876,Cipla Ltd,23/3/2024,18/7/2026,18,Treatment of Bacterial infections,Nausea Abdominal pain Diarrhea,"https://onemg.gumlet.io/l_watermark_346,w_100,h_100/a_ignore,w_100,h_100,c_fit,q_auto,f_auto/h4y2f030gju0ftmou0t5.jpg"
54,Adaferin Gel,Adapalene (0.1% w/w),425,810,Galderma India Pvt Ltd,20/12/2023,10/2/2028,13|24|14|19, Acne,Erythema skin redness Dry skin Skin peeling Skin burn Itching,"https://onemg.gumlet.io/l_watermark_346,w_100,h_100/a_ignore,w_100,h_100,c_fit,q_auto,f_auto/cropped/hfobjftgqrervreplh6u.jpg"
55,Amitone 10mg Tablet,Amitriptyline (10mg),320,3608,Intas Pharmaceuticals Ltd,30/8/2024,27/4/2026,16|19,Treatment of Depression Neuropathic painTreatment of Migraine,Constipation Dryness in mouth Orthostatic hypotension sudden lowering of blood pressure on standing Weight gain Aggressive behavior Nasal congestion stuffy nose Sleepiness Dizziness Headache Decreased libido Nausea Fatigue Confusion Tremors Speech disorder Palpitations Taste change Paresthesia tingling or pricking sensation Abnormality of voluntary movements Loss of accommodation Atrioventricular block Micturition disorders Erectile dysfunction Abnormal E C G Decreased sodium level in blood,"https://onemg.gumlet.io/l_watermark_346,w_100,h_100/a_ignore,w_100,h_100,c_fit,q_auto,f_auto/cropped/r22ftufqfbkaxevlo6wn.jpg"
56,Ambrodil Syrup,Ambroxol (30mg/5ml),37,3129,Aristo Pharmaceuticals Pvt Ltd,28/10/2024,18/1/2026,24|23|19|14,Treatment of Respiratory tract disorders associated with viscid mucus,Vomiting Nausea Upset stomach,"https://onemg.gumlet.io/l_watermark_346,w_100,h_100/a_ignore,w_100,h_100,c_fit,q_auto,f_auto/9117d15a82fc4d41889e083e295d7de9.jpg"
57,AB-Flo-N Tablet,Acebrophylline (100mg) + Acetylcysteine (600mg),297,2345,Lupin Ltd,26/6/2023,1/10/2026,17|21|24,Treatment of Chronic obstructive pulmonary disease (COPD),Vomiting Heartburn Stomach pain Upset stomach Rash Hives Itching Breathing problems Nasal inflammation Increased white blood cell count,"https://onemg.gumlet.io/l_watermark_346,w_100,h_100/a_ignore,w_100,h_100,c_fit,q_auto,f_auto/cropped/uhilkoau5xmywwkw1ekx.jpg"
58,Ascoril LS Drops,Ambroxol (7.5mg/ml) + Levosalbutamol (0.25mg/ml) + Guaifenesin (12.5mg/ml),381,1468,Glenmark Pharmaceuticals Ltd,5/3/2024,16/5/2026,NULL,Acute Sore throatTreatment of Cough with mucus,Vomiting Diarrhea Excessive salivation Fatigue Headache Dizziness Rash Numbness of extremity Nausea Increased heart rate Stomach discomfort Palpitations Tremors Muscle cramp,"https://onemg.gumlet.io/l_watermark_346,w_100,h_100/a_ignore,w_100,h_100,c_fit,q_auto,f_auto/cropped/pydoe2cjed0vjf2or3kk.jpg"
59,Alex Cough Lozenges Lemon Ginger,Dextromethorphan Hydrobromide (5mg),48,3312,Glenmark Pharmaceuticals Ltd,6/2/2025,15/10/2025,13|12|25|17, Dry cough,Sleepiness Dizziness Confusion Nausea,"https://onemg.gumlet.io/l_watermark_346,w_100,h_100/a_ignore,w_100,h_100,c_fit,q_auto,f_auto/cropped/xkg1pweump6uhajxdn7y.jpg"
60,Atorva 40 Tablet,Atorvastatin (40mg),499,3694,Zydus Cadila,11/3/2025,27/1/2027,NULL, High cholesterolPrevention of Heart attack,Dyspepsia Abdominal pain Indigestion Diarrhea Joint pain Nasopharyngitis inflammation of the throat and nasal passages Nausea Pain in extremities Urinary tract infection Abnormal liver function tests,"https://onemg.gumlet.io/l_watermark_346,w_100,h_100/a_ignore,w_100,h_100,c_fit,q_auto,f_auto/cropped/c4fqrcdtmux6sdv8lq4o.jpg"
61,Aziderm 20% Cream,Azelaic Acid (20% w/w),234,3609,Micro Labs Ltd,24/9/2024,9/2/2028,22|11|14,Treatment of Acne,Application site reactions burning irritation itching and redness,"https://onemg.gumlet.io/l_watermark_346,w_100,h_100/a_ignore,w_100,h_100,c_fit,q_auto,f_auto/ffddf4528375471cb02d465b546f4697.jpg"
62,Ascoril D Junior Cough Syrup,Phenylephrine (5mg/5ml) + Chlorpheniramine Maleate (2mg/5ml) + Dextromethorphan Hydrobromide (10mg/5ml),174,3284,Glenmark Pharmaceuticals Ltd,1/1/2025,17/10/2025,14|12|11,Treatment of Dry cough,Nausea Vomiting Loss of appetite Headache,"https://onemg.gumlet.io/l_watermark_346,w_100,h_100/a_ignore,w_100,h_100,c_fit,q_auto,f_auto/cropped/qwyph0ryjvrnimzm98tq.jpg"
63,Acogut Tablet,Acotiamide (100mg),450,2843,Lupin Ltd,13/10/2024,29/10/2026,NULL,Treatment of Functional dyspepsia,Headache Diarrhea,"https://onemg.gumlet.io/l_watermark_346,w_100,h_100/a_ignore,w_100,h_100,c_fit,q_auto,f_auto/cropped/lwfoqt9iygk2n0rkyhql.jpg"
64,Augmentin 1000 Duo Tablet,Amoxycillin  (875mg) +  Clavulanic Acid (125mg),78,2443,Glaxo SmithKline Pharmaceuticals Ltd,16/7/2024,30/6/2025,NULL,Treatment of Bacterial infections,Vomiting Nausea Diarrhea Mucocutaneous candidiasis,"https://onemg.gumlet.io/l_watermark_346,w_100,h_100/a_ignore,w_100,h_100,c_fit,q_auto,f_auto/cropped/jv6sexgkqc9bkfwhxnbv.jpg"
65,Ano Metrogyl Cream,Lidocaine (4% w/w) + Metronidazole (1% w/w) + Sucralfate (7% w/w),449,1632,Lekar Pharma Ltd,3/11/2024,7/5/2026,NULL,Treatment of Anal fissure,Burning sensation Tingling Rash,"https://onemg.gumlet.io/l_watermark_346,w_100,h_100/a_ignore,w_100,h_100,c_fit,q_auto,f_auto/cropped/ly4rp256e6sytjaxz8ht.jpg"
66,Angispan - TR 2.5mg Capsule,Nitroglycerin (2.5mg),494,1163,USV Ltd,30/3/2024,20/7/2026,15|23|16,Treatment of Angina (heart-related chest pain),Blurred vision Decreased blood pressure Dizziness Headache Increased heart rate Lightheadedness Paresthesia tingling or pricking sensation,"https://onemg.gumlet.io/l_watermark_346,w_100,h_100/a_ignore,w_100,h_100,c_fit,q_auto,f_auto/1fa02b0711dc4f91a367fdd438cb6e98.jpg"
67,Apdrops Eye Drop,Moxifloxacin (0.5% w/v),111,2685,Ajanta Pharma Ltd,11/5/2024,26/2/2027,NULL,Treatment of Bacterial eye infections,Eye discomfort Dry eye Burning sensation in eye,"https://onemg.gumlet.io/l_watermark_346,w_100,h_100/a_ignore,w_100,h_100,c_fit,q_auto,f_auto/20a65251c88c460bb990c015f7ed0dea.jpg"
68,Acivir 400 DT Tablet,Acyclovir (400mg),17,4284,Cipla Ltd,13/8/2024,15/5/2025,25|16|23, Herpes Simplex Virus Infections Chickenpox Herpes labialis Shingles Genital herpes infection,Headache Dizziness Vomiting Nausea Fatigue Fever Stomach pain Diarrhea Skin rash Photophobia,"https://onemg.gumlet.io/l_watermark_346,w_100,h_100/a_ignore,w_100,h_100,c_fit,q_auto,f_auto/cropped/atnpfu2zkydv86zn8yne.jpg"
69,Acivir Cream,Acyclovir (5% w/w),160,4983,Cipla Ltd,16/5/2024,26/6/2026,NULL, Herpes labialis,Application site reactions burning irritation itching and redness,"https://onemg.gumlet.io/l_watermark_346,w_100,h_100/a_ignore,w_100,h_100,c_fit,q_auto,f_auto/346a811d314244c892a10b9426058a16.jpg"
70,Avil Injection,Pheniramine (22.75mg),131,4156,Sanofi India Ltd,19/2/2025,2/7/2027,NULL,Treatment of Allergic conditionsTreatment of Respiratory disease with excessive mucusTreatment of Skin conditions with inflammation & itchingTreatment and prevention of Meniere's disease,Sedation,"https://onemg.gumlet.io/l_watermark_346,w_100,h_100/a_ignore,w_100,h_100,c_fit,q_auto,f_auto/cropped/n79pqwzyup7ax2zy3ra3.jpg"
71,Azee 250 Tablet,Azithromycin (250mg),146,284,Cipla Ltd,14/9/2024,30/12/2027,15|22|13,Treatment of Bacterial infections,Nausea Abdominal pain Diarrhea,"https://onemg.gumlet.io/l_watermark_346,w_100,h_100/a_ignore,w_100,h_100,c_fit,q_auto,f_auto/cropped/wysekhb41x9l4gs2e4lq.jpg"
72,Aldigesic P 100mg/325mg Tablet,Aceclofenac (100mg) + Paracetamol (325mg),430,3261,Alkem Laboratories Ltd,1/9/2024,6/12/2027,15, Pain relief,Nausea Vomiting Stomach pain epigastric pain Loss of appetite Heartburn Diarrhea,"https://onemg.gumlet.io/l_watermark_346,w_100,h_100/a_ignore,w_100,h_100,c_fit,q_auto,f_auto/6c48a874d84443f5bf6df270f1faf50d.jpg"
73,Acitrom 2 Tablet,Acenocoumarol (2mg),66,4701,Abbott,29/7/2024,8/3/2027,24|20|14,Treatment and prevention of Blood clots,Hemorrhage,"https://onemg.gumlet.io/l_watermark_346,w_100,h_100/a_ignore,w_100,h_100,c_fit,q_auto,f_auto/b6323f9cbdda4899973d8778998fd4d0.jpg"
74,Alerid Syrup,Cetirizine (5mg/5ml),431,2899,Cipla Ltd,5/10/2024,25/2/2026,25|23,Treatment of Allergic conditions,Nausea Muscle pain Edema swelling Sleepiness Fatigue Vomiting Dryness in mouth Headache Constipation,"https://onemg.gumlet.io/l_watermark_346,w_100,h_100/a_ignore,w_100,h_100,c_fit,q_auto,f_auto/cropped/t8e7gul8px0js0dzcdwf.jpg"
75,Atorva Tablet,Atorvastatin (10mg),464,4138,Zydus Cadila,15/7/2024,23/11/2025,NULL, High cholesterolPrevention of Heart attack,Dyspepsia Abdominal pain Indigestion Diarrhea Joint pain Nasopharyngitis inflammation of the throat and nasal passages Nausea Pain in extremities Urinary tract infection Abnormal liver function tests,"https://onemg.gumlet.io/l_watermark_346,w_100,h_100/a_ignore,w_100,h_100,c_fit,q_auto,f_auto/cropped/qzqcndnceiecvuc8lkta.jpg"
76,Azax 500 Tablet,Azithromycin (500mg),130,683,Sun Pharmaceutical Industries Ltd,27/4/2023,24/12/2027,NULL,Treatment of Bacterial infections,Nausea Abdominal pain Diarrhea,"https://onemg.gumlet.io/l_watermark_346,w_100,h_100/a_ignore,w_100,h_100,c_fit,q_auto,f_auto/e17dda31de1747358229a8ff89c60eb2.jpg"
77,Aztor 10 Tablet,Atorvastatin (10mg),263,2138,Sun Pharmaceutical Industries Ltd,19/1/2024,1/6/2025,20|22|21, High cholesterolPrevention of Heart attack,Dyspepsia Abdominal pain Indigestion Diarrhea Joint pain Nasopharyngitis inflammation of the throat and nasal passages Nausea Pain in extremities Urinary tract infection Abnormal liver function tests,"https://onemg.gumlet.io/l_watermark_346,w_100,h_100/a_ignore,w_100,h_100,c_fit,q_auto,f_auto/uxoomhircghogsijuyuf.jpg"
78,Alciflox D Eye/Ear Drops,Ciprofloxacin (0.3% w/v) + Dexamethasone (0.1% w/v),41,4047,Alkem Laboratories Ltd,2/7/2024,11/9/2025,24|22,Treatment of Bacterial eye / ear infectionsTreatment of Eye infection with inflammation,Application site reactions burning irritation itching and redness Eye discomfort Corneal deposits Ocular hyperemia Taste change Ear discomfort Ear pain,"https://onemg.gumlet.io/l_watermark_346,w_100,h_100/a_ignore,w_100,h_100,c_fit,q_auto,f_auto/fef09c2f7cca4f778b510943b0d0a8c9.jpg"
79,Amifru 40 Tablet,Furosemide (40mg) + Amiloride (5mg),60,296,Torrent Pharmaceuticals Ltd,1/7/2024,4/6/2025,NULL,Treatment of Edema,Nausea Vomiting Diarrhea Weakness Headache Dehydration Muscle cramp Decreased sodium level in blood Decreased magnesium level in blood Decreased calcium level in blood Increased blood uric acid,"https://onemg.gumlet.io/l_watermark_346,w_100,h_100/a_ignore,w_100,h_100,c_fit,q_auto,f_auto/e17dda31de1747358229a8ff89c60eb2.jpg"
80,Aciloc 300 Tablet,Ranitidine (300mg),324,1341,Cadila Pharmaceuticals Ltd,17/11/2024,6/1/2028,NULL,Treatment of Gastroesophageal reflux disease (Acid reflux)Treatment of Peptic ulcer disease,Headache Diarrhea Gastrointestinal disturbance,"https://onemg.gumlet.io/l_watermark_346,w_100,h_100/a_ignore,w_100,h_100,c_fit,q_auto,f_auto/uxoomhircghogsijuyuf.jpg"
81,Augmentin 1.2gm Injection,Amoxycillin  (1000mg) +  Clavulanic Acid (200mg),210,4318,Glaxo SmithKline Pharmaceuticals Ltd,29/10/2023,28/1/2026,NULL,Treatment of Bacterial infections,Vomiting Nausea Diarrhea Mucocutaneous candidiasis,"https://onemg.gumlet.io/l_watermark_346,w_100,h_100/a_ignore,w_100,h_100,c_fit,q_auto,f_auto/fef09c2f7cca4f778b510943b0d0a8c9.jpg"
82,Asthakind Expectorant Sugar Free,Guaifenesin (50mg) + Terbutaline (1.25mg) + Bromhexine (2mg),244,4574,Mankind Pharma Ltd,29/4/2023,23/4/2025,13|13|13,Treatment of Cough with mucus,Nausea Diarrhea Bloating Indigestion Vomiting Stomach pain Sweating Dizziness Headache Skin rash Hives Tremors Increased heart rate,"https://onemg.gumlet.io/l_watermark_346,w_100,h_100/a_ignore,w_100,h_100,c_fit,q_auto,f_auto/cropped/t8e7gul8px0js0dzcdwf.jpg"
83,Atorva 20 Tablet,Atorvastatin (20mg),28,1018,Zydus Cadila,24/6/2024,11/11/2026,NULL, High cholesterolPrevention of Heart attack,Dyspepsia Abdominal pain Indigestion Diarrhea Joint pain Nasopharyngitis inflammation of the throat and nasal passages Nausea Pain in extremities Urinary tract infection Abnormal liver function tests,"https://onemg.gumlet.io/l_watermark_346,w_100,h_100/a_ignore,w_100,h_100,c_fit,q_auto,f_auto/cropped/qzqcndnceiecvuc8lkta.jpg"
84,AB Phylline SR 200 Tablet,Acebrophylline (200mg),442,4229,Sun Pharmaceutical Industries Ltd,20/9/2023,14/2/2028,11|25|11|15,Treatment of AsthmaTreatment of BronchitisTreatment of Chronic obstructive pulmonary disease (COPD),Vomiting Abdominal pain Drowsiness Heartburn Increased white blood cell count Loss of appetite Rash Itching Constipation Diarrhea Abdominal discomfort Abdominal distension Esophageal bleeding Red spots or bumps Breathing problems High white blood cell count Nasal inflammation,"https://onemg.gumlet.io/l_watermark_346,w_100,h_100/a_ignore,w_100,h_100,c_fit,q_auto,f_auto/b6323f9cbdda4899973d8778998fd4d0.jpg"
85,Aricep-M  Forte Tablet,Donepezil (5mg) + Memantine (10mg),126,3394,Eisai Pharmaceuticals India Pvt Ltd,7/7/2023,12/10/2027,21|24|17|16, Alzheimer's disease,Nausea Vomiting Loss of appetite Diarrhea Headache Dizziness Bleeding under the skin,"https://onemg.gumlet.io/l_watermark_346,w_100,h_100/a_ignore,w_100,h_100,c_fit,q_auto,f_auto/6c48a874d84443f5bf6df270f1faf50d.jpg"
86,Amaryl 1mg Tablet,Glimepiride (1mg),239,1099,Sanofi India Ltd,14/2/2025,28/10/2027,NULL,Treatment of Type 2 diabetes mellitus,Hypoglycemia low blood glucose level Headache Nausea Dizziness Weakness,"https://onemg.gumlet.io/l_watermark_346,w_100,h_100/a_ignore,w_100,h_100,c_fit,q_auto,f_auto/cropped/wysekhb41x9l4gs2e4lq.jpg"
87,Add Tears Lubricant Eye Drop,Carboxymethylcellulose (0.5% w/v),426,112,Cipla Ltd,27/2/2025,1/12/2027,13|11|12|25,Treatment of Dry eyes,Eye irritation Burning eyes Eye discomfort Eye itching Eye pain,"https://onemg.gumlet.io/l_watermark_346,w_100,h_100/a_ignore,w_100,h_100,c_fit,q_auto,f_auto/cropped/n79pqwzyup7ax2zy3ra3.jpg"
88,Aceclo-MR Tablet,Aceclofenac (100mg) + Paracetamol (325mg) + Chlorzoxazone (500mg),64,3394,Aristo Pharmaceuticals Pvt Ltd,27/12/2024,24/3/2028,NULL,Treatment of Muscular pain,Nausea Vomiting Heartburn Stomach pain Diarrhea Loss of appetite Tiredness Sleepiness,"https://onemg.gumlet.io/l_watermark_346,w_100,h_100/a_ignore,w_100,h_100,c_fit,q_auto,f_auto/346a811d314244c892a10b9426058a16.jpg"
89,Atarax Drops,Hydroxyzine (6mg),172,2017,Dr Reddy's Laboratories Ltd,30/12/2024,24/10/2026,NULL,Treatment of AnxietyTreatment of Skin conditions with inflammation & itching,Sedation Nausea Vomiting Upset stomach Constipation,"https://onemg.gumlet.io/l_watermark_346,w_100,h_100/a_ignore,w_100,h_100,c_fit,q_auto,f_auto/cropped/atnpfu2zkydv86zn8yne.jpg"
90,Ambrodil-LX Syrup,Ambroxol (30mg/5ml) + Levosalbutamol (1mg/5ml) + Guaifenesin (50mg/5ml),266,796,Aristo Pharmaceuticals Pvt Ltd,18/11/2024,21/8/2026,13|13|25|11,Treatment of Cough with mucus,Nausea Vomiting Diarrhea Upset stomach Stomach pain Allergic reaction Dizziness Headache Rash Hives Tremors Palpitations Muscle cramp Increased heart rate,"https://onemg.gumlet.io/l_watermark_346,w_100,h_100/a_ignore,w_100,h_100,c_fit,q_auto,f_auto/20a65251c88c460bb990c015f7ed0dea.jpg"
91,Asthakind-LS Expectorant Cola Sugar Free,Ambroxol (30mg/5ml) + Levosalbutamol (1mg/5ml) + Guaifenesin (50mg/5ml),147,386,Mankind Pharma Ltd,21/8/2023,23/5/2026,12,Treatment of Cough with mucus,Nausea Vomiting Diarrhea Upset stomach Stomach pain Allergic reaction Dizziness Headache Rash Hives Tremors Palpitations Muscle cramp Increased heart rate,"https://onemg.gumlet.io/l_watermark_346,w_100,h_100/a_ignore,w_100,h_100,c_fit,q_auto,f_auto/1fa02b0711dc4f91a367fdd438cb6e98.jpg"
92,Acton-OR Tablet SR,Paracetamol (300mg) + Paracetamol (700mg),396,3537,Apex Laboratories Pvt Ltd,25/6/2024,14/9/2026,NULL, Pain relief Fever,No common side effects seen,"https://onemg.gumlet.io/l_watermark_346,w_100,h_100/a_ignore,w_100,h_100,c_fit,q_auto,f_auto/cropped/cdhbcvjqhsabuzdk5gxc.jpg"
93,Avamys Nasal Spray,Fluticasone Furoate (0.05% w/w),74,2085,Glaxo SmithKline Pharmaceuticals Ltd,20/2/2025,10/8/2025,11,Treatment of Sneezing and runny nose due to allergies,Nasal inflammation Headache Nosebleeds Nasal ulceration Breathlessness,"https://onemg.gumlet.io/l_watermark_346,w_100,h_100/a_ignore,w_100,h_100,c_fit,q_auto,f_auto/cropped/bzjmgovqylm1qolhmczb.jpg"
94,AB Phylline N Tablet,Acebrophylline (100mg) + Acetylcysteine (600mg),468,3757,Sun Pharmaceutical Industries Ltd,17/9/2024,14/5/2027,NULL,Treatment of Chronic obstructive pulmonary disease (COPD),Vomiting Heartburn Stomach pain Upset stomach Rash Hives Itching Breathing problems Nasal inflammation Increased white blood cell count,"https://onemg.gumlet.io/l_watermark_346,w_100,h_100/a_ignore,w_100,h_100,c_fit,q_auto,f_auto/5c3b7f02f45742b7be3c556dc15bd8f4.jpg"
95,Acenac-P  Tablet,Aceclofenac (100mg) + Paracetamol (325mg),110,3460,Medley Pharmaceuticals,16/7/2023,9/6/2025,14|22, Pain relief,Nausea Vomiting Stomach pain epigastric pain Loss of appetite Heartburn Diarrhea,"https://onemg.gumlet.io/l_watermark_346,w_100,h_100/a_ignore,w_100,h_100,c_fit,q_auto,f_auto/18639e1fa53645e5801a829bf89e3c12.jpg"
96,Aldactone 50 Tablet,Spironolactone (50mg),196,1357,RPG Life Sciences Ltd,11/1/2025,3/12/2027,15|18|19, Hypertension (high blood pressure) Edema Low potassium Heart failure,Nausea Vomiting Leg cramps Dizziness Drowsiness Confusion Breast enlargement in male Increased creatinine level in blood,"https://onemg.gumlet.io/l_watermark_346,w_100,h_100/a_ignore,w_100,h_100,c_fit,q_auto,f_auto/8d7fbc56e75a4c69a1c1fa5a5a5d5f82.jpg"
97,Alerid Tablet,Cetirizine (10mg),187,3127,Cipla Ltd,22/4/2024,22/10/2027,19|12,Treatment of Allergic conditions,Sleepiness Fatigue Vomiting Dryness in mouth Headache Constipation,"https://onemg.gumlet.io/l_watermark_346,w_100,h_100/a_ignore,w_100,h_100,c_fit,q_auto,f_auto/d5f92f31f4f545fcb54bde91f2874f96.jpg"
98,Aerocort Inhaler,Levosalbutamol (50mcg) + Beclometasone (50mcg),278,3583,Cipla Ltd,1/7/2024,30/12/2025,NULL, Asthma,Hoarseness of voice Headache Dizziness Pharyngitis Vomiting Bronchitis inflammation of the airways Dryness in mouth Cough Application site irritation Nausea Gastrointestinal motility disorder Thrush Throat irritation,"https://onemg.gumlet.io/l_watermark_346,w_100,h_100/a_ignore,w_100,h_100,c_fit,q_auto,f_auto/f7a9f25a7c8b4fa59d5e019ee74b6c5b.jpg"
99,Acemiz-S Tablet,Aceclofenac (100mg) + Paracetamol (325mg) + Serratiopeptidase (15mg),138,3238,Lupin Ltd,1/10/2024,27/1/2027,19|19|13|13, Pain relief,Nausea Vomiting Stomach pain Indigestion Heartburn Loss of appetite Diarrhea,"https://onemg.gumlet.io/l_watermark_346,w_100,h_100/a_ignore,w_100,h_100,c_fit,q_auto,f_auto/cropped/z6kncy3qf7lfoznpf3hj.jpg"
100,Asthalin Respules,Salbutamol (2.5mg),104,2843,Cipla Ltd,13/3/2025,30/3/2025,25|16,Treatment of Chronic obstructive pulmonary disease (COPD)Treatment and prevention of Asthma,Tremors Headache Palpitations Increased heart rate Muscle cramp Respiratory tract inflammation Respiratory tract infection Cough,"https://onemg.gumlet.io/l_watermark_346,w_100,h_100/a_ignore,w_100,h_100,c_fit,q_auto,f_auto/cropped/dmewsbzhkmbduwskumjh.jpg"
